Genotype;date;plant;nb_visible_leaves;nb_total_leaves;nb_missing_leaves;nb_leaf_present;leaf_area;total_leaf_area;nb_total_flowers;nb_stolons;nb_vegetative_bud;nb_initiated_bud;nb_floral_bud;nb_inflorescence;order_max;nb_ramifications;vid
Gariguette;10/12/2014;1;8;12;0;8;56.33;450.64;0;1;1;3;7;0;0;0;1
Gariguette;10/12/2014;2;8;12;0;8;55.52;444.16;0;1;4;3;4;0;0;0;73
Gariguette;10/12/2014;3;11;14;0;11;42.47;467.17;0;2;3;1;8;0;0;0;146
Gariguette;10/12/2014;4;8;11;0;8;32.84;262.72;0;0;6;0;5;0;0;0;263
Gariguette;10/12/2014;5;6;10;0;6;48.26;289.56;0;1;5;2;2;0;0;0;326
Gariguette;10/12/2014;6;7;11;0;7;47.28;330.96;0;1;3;2;5;0;0;0;382
Gariguette;10/12/2014;7;7;11;0;7;39.71;277.97;0;1;7;1;2;0;0;0;444
Gariguette;10/12/2014;8;6;9;0;6;65.6;393.6;0;1;1;3;4;0;0;0;504
Gariguette;10/12/2014;9;7;10;0;7;47.19;330.33;0;1;4;0;5;0;0;0;561
Gariguette;08/01/2015;1;15;34;0;15;0;0;0;1;14;3;13;0;1;3;635
Gariguette;08/01/2015;2;11;15;0;11;55.52;610.72;14;2;2;2;9;0;0;0;816
Gariguette;08/01/2015;3;17;23;0;17;49.19;836.23;0;0;10;0;10;1;1;2;913
Gariguette;08/01/2015;4;14;17;0;14;52.3;732.2;22;0;5;1;10;1;1;1;1050
Gariguette;08/01/2015;5;13;13;0;13;80.35;1044.55;20;3;0;0;9;1;0;0;1201
Gariguette;08/01/2015;6;11;11;0;11;52.3;575.3;18;1;1;0;9;1;0;0;1321
Gariguette;08/01/2015;7;12;12;0;12;59.89;718.68;17;0;0;0;12;1;0;0;1426
Gariguette;08/01/2015;8;11;11;0;11;0;0;19;1;1;0;9;1;0;0;1533
Gariguette;08/01/2015;9;9;9;0;9;47.84;430.56;24;1;0;1;7;1;0;0;1620
Gariguette;12/02/2015;1;33;38;0;33;85.55;2823.15;41;0;12;1;19;6;1;5;1709
Gariguette;12/02/2015;2;18;21;0;18;89.21;1605.78;30;0;4;2;9;3;1;2;1947
Gariguette;12/02/2015;3;15;15;0;15;93.65;1404.75;42;1;3;0;9;3;1;1;2067
Gariguette;12/02/2015;4;10;10;0;10;85.55;855.5;32;0;1;0;8;2;1;0;2167
Gariguette;12/02/2015;5;27;31;0;27;104.85;2830.95;33;0;6;3;16;3;1;3;2238
Gariguette;12/02/2015;6;24;24;0;24;142.62;3422.88;43;2;4;1;14;4;1;2;2441
Gariguette;12/02/2015;7;10;10;0;10;87.73;877.3;21;0;0;1;8;2;1;0;2603
Gariguette;12/02/2015;8;17;17;0;17;81.71;1389.07;31;0;2;1;11;3;1;1;2678
Gariguette;12/02/2015;9;15;15;0;15;91.12;1366.8;30;0;1;1;11;3;1;1;2790
Gariguette;06/03/2015;1;15;15;0;15;100.99;1514.85;29;0;0;0;11;3;1;1;2896
Gariguette;06/03/2015;2;17;17;0;17;105.06;1786.02;38;1;3;1;7;4;2;1;2987
Gariguette;06/03/2015;3;18;20;0;18;65.6;1180.8;42;0;4;1;11;4;2;1;3075
Gariguette;06/03/2015;4;18;23;0;18;123.73;2227.14;27;0;7;0;12;3;2;1;3194
Gariguette;06/03/2015;5;18;23;0;18;113.99;2051.82;39;2;6;2;9;3;2;1;3324
Gariguette;06/03/2015;6;18;18;0;18;89.73;1615.14;36;2;3;3;8;3;1;1;3441
Gariguette;06/03/2015;7;12;14;0;12;84.26;1011.12;31;0;1;3;6;3;3;0;3553
Gariguette;06/03/2015;8;16;16;0;16;84.47;1351.52;42;1;1;0;10;3;2;0;3627
Gariguette;06/03/2015;9;23;28;0;23;130.59;3003.57;36;0;9;2;12;4;2;2;3732
Gariguette;02/04/2015;1;42;50;0;42;113;4746;78;1;18;1;15;9;2;6;3879
Gariguette;02/04/2015;2;22;23;0;22;117.72;2589.84;55;0;6;1;9;5;3;1;4124
Gariguette;02/04/2015;3;14;14;0;14;0;0;34;0;3;0;8;3;1;1;4242
Gariguette;02/04/2015;4;32;42;0;32;167.66;5365.12;55;6;7;1;12;6;2;3;4310
Gariguette;02/04/2015;5;15;15;0;15;64.42;966.3;43;0;4;1;5;4;2;1;4476
Gariguette;02/04/2015;6;21;24;0;21;152.9;3210.9;49;1;5;3;3;5;2;2;4556
Gariguette;02/04/2015;7;25;28;0;25;72.76;1819;50;2;8;0;8;5;2;2;4653
Gariguette;02/04/2015;8;57;71;0;57;154.91;8829.87;75;1;25;7;14;9;3;7;4768
Gariguette;02/04/2015;9;20;24;0;20;71.58;1431.6;31;1;8;0;7;3;2;1;5078
Gariguette;19/05/2015;1;33;35;0;33;149.47;4932.51;52;3;10;0;7;9;4;2;5182
Gariguette;19/05/2015;2;34;38;0;34;49.64;1687.76;67;0;3;2;13;8;3;3;5328
Gariguette;19/05/2015;3;27;33;0;27;67.96;1834.92;51;1;8;0;10;7;3;3;5511
Gariguette;19/05/2015;4;17;17;0;17;77.18;1312.06;33;0;3;0;5;4;3;0;5654
Gariguette;19/05/2015;5;31;31;0;31;197.84;6133.04;62;4;9;2;7;9;4;1;5725
Gariguette;19/05/2015;6;41;41;0;41;160.45;6578.45;76;4;9;0;14;12;5;2;5860
Gariguette;19/05/2015;7;27;27;0;27;89.41;2414.07;51;1;6;3;6;8;4;1;6054
Gariguette;19/05/2015;8;25;25;0;25;75.25;1881.25;46;2;6;1;6;6;3;1;6169
Gariguette;19/05/2015;9;47;47;0;47;137.41;6458.27;90;6;15;2;9;13;4;5;6293
Darselect;10/12/2014;1;7;9;0;7;47.26;330.82;7;2;3;0;2;1;1;0;6519
Darselect;10/12/2014;2;6;9;0;6;41.55;249.3;9;2;5;0;1;1;1;0;6554
Darselect;10/12/2014;3;6;7;0;6;46.25;277.5;0;0;3;0;3;1;1;0;6598
Darselect;10/12/2014;4;7;10;0;7;36.81;257.67;0;1;6;0;3;0;0;0;6650
Darselect;10/12/2014;5;6;8;0;6;47.19;283.14;0;0;4;0;2;1;1;0;6711
Darselect;10/12/2014;6;6;8;0;6;25.96;155.76;0;0;6;0;1;1;1;0;6745
Darselect;10/12/2014;7;5;10;0;5;47.19;235.95;0;0;4;0;3;0;0;0;6788
Darselect;10/12/2014;8;6;8;0;6;48.26;289.56;0;2;5;0;1;0;0;0;6826
Darselect;10/12/2014;9;10;11;0;10;46.25;462.5;0;3;4;0;2;1;1;0;6870
Darselect;09/01/2015;1;9;10;0;9;66.78;601.02;0;2;1;3;4;0;0;0;6916
Darselect;09/01/2015;2;13;19;0;13;66.78;868.14;10;0;5;2;3;1;1;2;6981
Darselect;09/01/2015;3;7;8;0;7;55.52;388.64;0;2;3;0;2;1;1;0;7056
Darselect;09/01/2015;4;6;7;0;6;49.19;295.14;2;0;2;1;3;1;1;0;7098
Darselect;09/01/2015;5;8;9;0;8;56.59;452.72;7;3;1;1;3;1;1;0;7138
Darselect;09/01/2015;6;8;9;0;8;60.88;487.04;0;2;3;1;3;0;0;0;7183
Darselect;09/01/2015;7;9;11;0;9;46.25;416.25;0;1;5;1;4;0;0;0;7236
Darselect;09/01/2015;8;11;15;0;11;34.49;379.39;13;1;6;0;3;1;1;2;7304
Darselect;09/01/2015;9;11;14;0;11;43.4;477.4;4;0;6;0;6;1;1;1;7369
Darselect;11/02/2015;1;14;15;0;14;102.53;1435.42;21;2;4;0;5;3;2;1;7441
Darselect;11/02/2015;2;11;11;0;11;96.7;1063.7;19;3;0;2;5;2;1;0;7515
Darselect;11/02/2015;3;16;21;0;16;114.59;1833.44;16;3;5;1;3;2;2;2;7579
Darselect;11/02/2015;4;15;15;0;15;71.04;1065.6;6;1;8;0;3;2;1;2;7651
Darselect;11/02/2015;5;17;17;0;17;95.3;1620.1;20;0;5;2;6;3;1;1;7729
Darselect;11/02/2015;6;12;12;0;12;67.96;815.52;11;1;5;1;3;2;1;1;7820
Darselect;11/02/2015;7;6;6;0;6;88.38;530.28;26;1;2;0;1;2;1;0;7888
Darselect;11/02/2015;8;12;12;0;12;103.48;1241.76;6;0;4;0;5;3;1;1;7924
Darselect;11/02/2015;9;14;16;0;14;92.52;1295.28;15;0;5;0;7;2;1;1;7995
Darselect;06/03/2015;1;17;17;0;17;102.53;1743.01;31;0;6;1;4;5;2;2;8073
Darselect;06/03/2015;2;10;10;0;10;0;0;24;1;3;1;2;3;2;0;8168
Darselect;06/03/2015;3;16;20;0;16;72.68;1162.88;28;2;7;2;3;4;3;1;8213
Darselect;06/03/2015;4;10;10;0;10;147.45;1474.5;25;0;3;0;5;3;2;0;8287
Darselect;06/03/2015;5;16;18;0;16;99.49;1591.84;25;1;8;0;4;5;3;2;8350
Darselect;06/03/2015;6;11;14;0;11;79.09;869.99;20;3;5;1;2;3;3;0;8435
Darselect;06/03/2015;7;8;8;0;8;55.17;441.36;18;0;2;2;2;1;1;0;8495
Darselect;06/03/2015;8;24;26;0;24;137.45;3298.8;35;2;7;2;9;5;3;2;8534
Darselect;06/03/2015;9;10;10;0;10;0;0;31;0;4;0;4;3;2;0;8669
Darselect;03/04/2015;1;27;31;0;27;177.57;4794.39;17;3;13;2;6;6;2;3;8719
Darselect;03/04/2015;2;22;24;0;22;175.1;3852.2;34;5;8;1;4;6;3;2;8873
Darselect;03/04/2015;3;13;14;0;13;139.99;1819.87;26;1;2;2;4;3;3;0;8973
Darselect;03/04/2015;4;24;28;0;24;233.7;5608.8;46;3;12;0;5;7;3;2;9035
Darselect;03/04/2015;5;25;29;0;25;195.28;4882;39;0;7;2;7;6;3;2;9149
Darselect;03/04/2015;6;26;28;0;26;195.45;5081.7;51;0;6;0;7;8;3;3;9269
Darselect;03/04/2015;7;17;20;0;17;120.94;2055.98;27;0;6;1;4;5;3;1;9390
Darselect;03/04/2015;8;15;16;0;15;205.66;3084.9;28;0;2;1;8;4;2;1;9471
Darselect;03/04/2015;9;27;30;0;27;98.18;2650.86;42;0;6;0;9;7;3;2;9556
Darselect;20/05/2015;1;35;43;0;35;187.22;6552.7;61;8;9;1;4;10;4;3;9679
Darselect;20/05/2015;2;19;19;0;19;102.28;1943.32;36;0;4;0;2;6;3;1;9830
Darselect;20/05/2015;3;23;23;0;23;207.7;4777.1;40;1;7;0;2;6;3;1;9898
Darselect;20/05/2015;4;30;30;0;30;195.13;5853.9;45;3;8;0;3;9;4;2;9983
Darselect;20/05/2015;5;15;15;0;15;182.67;2740.05;36;1;3;0;1;5;4;0;10098
Darselect;20/05/2015;6;40;40;0;40;0;0;77;1;7;1;3;15;5;3;10155
Darselect;20/05/2015;7;33;35;0;33;193.01;6369.33;62;3;11;0;3;11;4;3;10305
Darselect;20/05/2015;8;25;26;0;25;228.4;5710;46;2;11;0;2;8;3;2;10436
Darselect;20/05/2015;9;17;18;0;17;55.52;943.84;27;0;2;2;4;3;2;1;10538
Clery;10/12/2014;1;11;13;0;11;54.44;598.84;0;3;1;0;8;0;0;0;10618
Clery;10/12/2014;2;11;14;0;11;57.66;634.26;0;3;5;2;4;0;0;0;10718
Clery;10/12/2014;3;8;10;0;8;55.52;444.16;0;2;3;0;5;0;0;0;10805
Clery;10/12/2014;4;6;8;0;6;50.24;301.44;0;3;0;0;4;1;1;0;10871
Clery;10/12/2014;5;7;9;0;7;55.52;388.64;0;1;3;0;5;0;0;0;10912
Clery;10/12/2014;6;9;11;0;9;87.03;783.27;0;3;2;0;6;0;0;0;11000
Clery;10/12/2014;7;8;11;0;8;92.52;740.16;0;2;3;1;5;0;0;0;11067
Clery;10/12/2014;8;7;10;0;7;59.87;419.09;0;2;5;0;2;1;1;0;11153
Clery;10/12/2014;9;10;12;0;10;99.49;994.9;0;4;4;0;4;0;0;0;11216
Clery;07/01/2015;1;11;11;0;11;56.59;622.49;9;2;0;4;5;1;0;0;11293
Clery;07/01/2015;2;14;15;0;14;54.44;762.16;8;3;4;1;6;1;1;1;11378
Clery;07/01/2015;3;11;17;0;11;17.51;192.61;0;0;7;1;2;1;1;1;11481
Clery;07/01/2015;4;9;11;0;9;42.43;381.87;9;1;4;0;1;2;1;1;11541
Clery;07/01/2015;5;13;16;0;13;46.29;601.77;0;3;3;0;8;0;1;1;11591
Clery;07/01/2015;6;10;10;0;10;51.29;512.9;12;2;1;1;6;1;0;0;11689
Clery;07/01/2015;7;9;12;0;9;54.44;489.96;12;0;5;1;4;1;1;1;11770
Clery;07/01/2015;8;11;13;0;11;41.47;456.17;15;0;3;2;4;1;1;1;11852
Clery;07/01/2015;9;12;13;0;12;0;0;3;3;4;0;4;1;1;1;11925
Clery;15/02/2015;1;18;18;0;18;54.44;979.92;16;3;3;0;8;3;1;1;11994
Clery;15/02/2015;2;13;13;0;13;55.52;721.76;9;2;0;2;6;3;1;1;12111
Clery;15/02/2015;3;16;16;0;16;61.95;991.2;19;3;3;1;7;3;1;1;12192
Clery;15/02/2015;4;18;18;0;18;55.52;999.36;19;2;4;1;8;3;1;2;12287
Clery;15/02/2015;5;15;15;0;15;80.27;1204.05;18;2;3;0;7;3;1;1;12397
Clery;15/02/2015;6;17;17;0;17;72.76;1236.92;20;4;4;0;7;3;1;1;12482
Clery;15/02/2015;7;11;12;0;11;62.06;682.66;14;2;1;2;3;1;1;1;12581
Clery;15/02/2015;8;19;19;0;19;77.78;1477.82;15;2;2;1;9;3;1;2;12638
Clery;15/02/2015;9;18;19;0;18;79.11;1423.98;37;2;3;0;9;3;1;2;12753
Clery;02/03/2015;1;20;22;0;20;98.09;1961.8;35;0;3;1;12;5;2;2;12853
Clery;02/03/2015;2;16;16;0;16;81.51;1304.16;29;2;2;1;7;3;1;1;12993
Clery;02/03/2015;3;16;16;0;16;122.52;1960.32;26;3;1;0;9;3;1;1;13097
Clery;02/03/2015;4;19;24;0;19;96.7;1837.3;30;1;8;2;3;5;3;1;13196
Clery;02/03/2015;5;13;13;0;13;114.5;1488.5;21;0;1;3;7;3;1;1;13294
Clery;02/03/2015;6;16;16;0;16;101.07;1617.12;26;1;2;0;10;3;1;1;13386
Clery;02/03/2015;7;24;27;0;24;39.64;951.36;21;1;9;0;9;2;2;3;13491
Clery;02/03/2015;8;13;17;0;13;84.26;1095.38;24;2;4;1;5;3;2;2;13628
Clery;02/03/2015;9;18;18;0;18;71.6;1288.8;24;4;1;0;10;3;1;1;13710
Clery;03/04/2015;1;22;27;0;22;99.49;2188.78;24;2;8;1;5;5;3;2;13833
Clery;03/04/2015;2;27;30;0;27;103.99;2807.73;33;1;9;4;7;4;2;2;13950
Clery;03/04/2015;3;35;43;0;35;66.24;2318.4;49;1;15;2;8;5;2;4;14095
Clery;03/04/2015;4;28;33;0;28;71.5;2002;40;1;10;2;9;8;3;3;14268
Clery;03/04/2015;5;16;18;0;16;44.36;709.76;23;0;6;0;4;3;2;1;14426
Clery;03/04/2015;6;14;14;0;14;85.55;1197.7;24;2;2;1;3;4;3;0;14497
Clery;03/04/2015;7;31;33;0;31;106.46;3300.26;62;1;7;3;12;8;3;3;14565
Clery;03/04/2015;8;23;24;0;23;88.12;2026.76;48;3;6;2;8;6;2;2;14748
Clery;03/04/2015;9;22;24;0;22;54.44;1197.68;28;0;5;2;8;4;2;2;14872
Clery;27/05/2015;1;38;44;0;38;132.39;5030.82;40;8;7;1;5;8;4;6;14975
Clery;27/05/2015;2;37;37;0;37;179.52;6642.24;50;4;9;1;8;10;4;3;15133
Clery;27/05/2015;3;34;34;0;34;82.89;2818.26;62;2;8;0;9;12;4;3;15287
Clery;27/05/2015;4;34;38;0;34;147.62;5019.08;43;1;8;3;4;11;4;4;15435
Clery;27/05/2015;5;26;26;0;26;152.19;3956.94;53;0;4;1;8;8;4;1;15568
Clery;27/05/2015;6;19;21;0;19;131.34;2495.46;30;3;6;0;1;5;3;1;15688
Clery;27/05/2015;7;31;31;0;31;113;3503;38;3;9;1;2;11;4;3;15763
Clery;27/05/2015;8;48;57;0;48;147.75;7092;43;9;13;1;4;10;4;5;15877
Clery;27/05/2015;9;45;45;0;45;178.75;8043.75;70;6;13;3;1;14;4;3;16070
Capriss;10/12/2014;1;11;14;0;11;135.74;1493.14;0;2;1;1;9;0;0;0;16234
Capriss;10/12/2014;2;10;16;0;10;224.86;2248.6;0;2;10;0;3;0;1;1;16353
Capriss;10/12/2014;3;6;8;0;6;41.55;249.3;0;1;3;1;3;0;0;0;16445
Capriss;10/12/2014;4;8;10;0;8;96.7;773.6;0;2;3;2;3;0;0;0;16499
Capriss;10/12/2014;5;8;10;0;8;127.37;1018.96;0;1;0;2;7;0;0;0;16577
Capriss;10/12/2014;6;9;11;0;9;95.24;857.16;0;1;2;2;6;0;0;0;16672
Capriss;10/12/2014;7;8;10;0;8;73.96;591.68;0;1;4;0;4;0;0;0;16760
Capriss;10/12/2014;8;6;8;0;6;65.47;392.82;0;1;3;1;3;0;0;0;16840
Capriss;10/12/2014;9;9;13;0;9;72.8;655.2;0;1;3;1;7;0;1;1;16905
Capriss;07/01/2015;1;10;12;0;10;45.33;453.3;0;2;4;0;5;1;1;1;16991
Capriss;07/01/2015;2;15;25;0;15;35.35;530.25;14;2;9;0;4;1;1;4;17072
Capriss;07/01/2015;3;13;15;0;13;34.49;448.37;0;2;1;2;8;1;1;1;17195
Capriss;07/01/2015;4;23;33;0;23;39.64;911.72;21;1;12;3;8;2;2;5;17313
Capriss;07/01/2015;5;11;16;0;11;33.55;369.05;13;2;5;0;5;1;1;2;17486
Capriss;07/01/2015;6;16;21;0;16;56.59;905.44;15;3;7;1;6;1;1;3;17585
Capriss;07/01/2015;7;17;26;0;17;56.54;961.18;14;2;7;2;5;1;1;4;17706
Capriss;07/01/2015;8;18;20;0;18;37.07;667.26;0;3;7;1;6;0;1;2;17825
Capriss;07/01/2015;9;13;17;0;13;38.83;504.79;13;1;6;2;5;1;1;2;17940
Capriss;15/02/2015;1;23;27;0;23;28.92;665.16;0;3;11;1;5;2;2;3;18036
Capriss;15/02/2015;2;27;30;0;27;45.33;1223.91;13;2;8;0;9;6;1;5;18157
Capriss;15/02/2015;3;25;31;0;25;59.7;1492.5;21;2;8;0;9;6;2;4;18321
Capriss;15/02/2015;4;13;17;0;13;64.44;837.72;7;3;9;1;2;1;1;1;18482
Capriss;15/02/2015;5;23;27;0;23;43.42;998.66;11;2;10;1;7;4;1;4;18558
Capriss;15/02/2015;6;21;25;0;21;48.14;1010.94;26;2;10;1;6;3;2;2;18707
Capriss;15/02/2015;7;15;20;0;15;40.5;607.5;5;4;8;1;1;3;2;1;18839
Capriss;15/02/2015;8;22;29;0;22;72.67;1598.74;16;2;15;1;2;4;2;4;18918
Capriss;15/02/2015;9;32;43;0;32;39.73;1271.36;21;1;19;2;9;4;2;6;19041
Capriss;02/03/2015;1;21;24;0;21;96.7;2030.7;24;1;8;2;6;4;2;2;19235
Capriss;02/03/2015;2;18;18;0;18;68.81;1238.58;25;2;3;1;7;4;1;2;19363
Capriss;02/03/2015;3;25;31;0;25;56.54;1413.5;17;3;11;4;5;3;2;4;19457
Capriss;02/03/2015;4;23;33;0;23;62.14;1429.22;14;4;15;3;2;2;2;3;19592
Capriss;02/03/2015;5;28;36;0;28;86.94;2434.32;20;4;15;3;6;3;2;3;19715
Capriss;02/03/2015;6;24;29;0;24;0;0;22;2;9;2;5;4;2;3;19871
Capriss;02/03/2015;7;35;45;0;35;75.51;2642.85;26;2;23;3;8;5;2;4;19998
Capriss;02/03/2015;8;41;55;0;41;55.52;2276.32;25;3;27;4;6;4;2;5;20208
Capriss;02/03/2015;9;31;50;0;31;60.77;1883.87;25;1;24;5;2;5;2;5;20419
Capriss;03/04/2015;1;31;36;0;31;123.51;3828.81;25;3;13;5;8;4;2;3;20590
Capriss;03/04/2015;2;34;45;0;34;43.4;1475.6;24;0;23;1;5;6;2;5;20761
Capriss;03/04/2015;3;40;45;0;40;86.94;3477.6;53;3;18;4;7;6;2;4;20915
Capriss;03/04/2015;4;39;45;0;39;83.01;3237.39;37;3;16;7;6;7;2;5;21110
Capriss;03/04/2015;5;34;41;0;34;72.68;2471.12;31;2;18;3;5;6;2;4;21295
Capriss;03/04/2015;6;34;35;0;34;100.99;3433.66;27;2;13;2;9;7;2;3;21455
Capriss;03/04/2015;7;42;48;0;42;120.94;5079.48;49;1;23;3;7;10;3;4;21617
Capriss;03/04/2015;8;31;36;0;31;114.59;3552.29;31;1;17;0;7;5;2;3;21828
Capriss;03/04/2015;9;40;46;0;40;99.49;3979.6;38;2;16;1;6;7;2;5;21970
Capriss;27/05/2015;1;65;69;0;65;138.63;9010.95;71;4;16;3;16;16;3;5;22142
Capriss;27/05/2015;2;41;45;0;41;169.89;6965.49;38;5;12;1;5;9;3;4;22408
Capriss;27/05/2015;3;42;45;0;42;133.94;5625.48;40;5;11;1;7;11;3;3;22557
Capriss;27/05/2015;4;55;61;0;55;82.76;4551.8;63;1;24;1;8;14;4;4;22721
Capriss;27/05/2015;5;37;40;0;37;184.32;6819.84;40;2;16;0;4;10;4;2;22926
Capriss;27/05/2015;6;43;45;0;43;52.3;2248.9;49;0;12;0;9;13;4;4;23059
Capriss;27/05/2015;7;60;70;0;60;86.83;5209.8;63;3;19;1;10;15;3;6;23235
Capriss;27/05/2015;8;50;51;0;50;102.96;5148;52;3;13;2;13;13;4;4;23456
Capriss;27/05/2015;9;47;49;0;47;129.52;6087.44;55;1;17;0;12;11;3;3;23675
Cir107;10/12/2014;1;8;10;0;8;44.23;353.84;0;2;2;0;6;0;0;0;23860
Cir107;10/12/2014;2;11;14;0;11;56.33;619.63;0;3;1;0;9;0;1;1;23930
Cir107;10/12/2014;3;9;13;0;9;70.1;630.9;0;1;1;0;8;0;1;1;24023
Cir107;10/12/2014;4;11;12;0;11;0;0;0;3;0;0;9;1;0;0;24104
Cir107;10/12/2014;5;11;12;0;11;0;0;0;3;1;0;7;0;0;0;24214
Cir107;10/12/2014;6;13;18;0;13;0;0;0;5;3;0;9;0;1;1;24296
Cir107;10/12/2014;7;10;16;0;10;43.33;433.3;0;2;3;0;10;0;1;1;24407
Cir107;10/12/2014;8;12;17;0;12;73.7;884.4;0;3;4;0;9;0;1;1;24501
Cir107;10/12/2014;9;8;11;0;8;0;0;0;3;1;0;7;0;0;0;24608
Cir107;08/01/2015;1;16;23;0;16;45.86;733.76;0;2;9;1;8;0;1;3;24671
Cir107;08/01/2015;2;12;15;0;12;44.36;532.32;0;2;6;0;6;1;1;1;24825
Cir107;08/01/2015;3;12;15;0;12;36.21;434.52;14;4;4;0;6;1;1;1;24942
Cir107;08/01/2015;4;19;21;0;19;37.07;704.33;17;3;6;0;8;3;2;2;25056
Cir107;08/01/2015;5;10;11;0;10;37.93;379.3;0;2;1;0;5;2;1;0;25194
Cir107;08/01/2015;6;13;14;0;13;40.5;526.5;16;1;5;0;5;3;1;1;25265
Cir107;08/01/2015;7;23;27;0;23;0;0;0;4;8;3;8;1;1;3;25347
Cir107;08/01/2015;8;22;30;0;22;0;0;7;0;7;2;10;2;2;4;25499
Cir107;08/01/2015;9;18;18;0;18;28.17;507.06;12;4;5;0;8;2;1;1;25648
Cir107;11/02/2015;1;23;25;0;23;75.25;1730.75;29;0;10;0;3;6;2;2;25764
Cir107;11/02/2015;2;36;44;0;36;53.39;1922.04;39;3;15;4;10;5;2;6;25866
Cir107;11/02/2015;3;14;15;0;14;51.22;717.08;36;0;4;0;7;4;2;1;26072
Cir107;11/02/2015;4;24;26;0;24;67.91;1629.84;28;4;6;1;9;3;1;3;26171
Cir107;11/02/2015;5;29;30;0;29;46.25;1341.25;41;2;11;1;11;6;2;2;26314
Cir107;11/02/2015;6;22;24;0;22;90.86;1998.92;32;1;9;0;8;4;1;3;26472
Cir107;11/02/2015;7;30;32;0;30;55.52;1665.6;53;1;8;1;13;6;2;4;26618
Cir107;11/02/2015;8;18;21;0;18;64.09;1153.62;18;0;7;0;7;3;1;3;26792
Cir107;11/02/2015;9;20;22;0;20;46.94;938.8;49;0;5;1;11;5;3;1;26894
Cir107;04/03/2015;1;42;48;0;42;68.96;2896.32;66;2;18;2;8;8;3;4;27013
Cir107;04/03/2015;2;24;28;0;24;50.97;1223.28;47;2;8;0;8;4;2;2;27215
Cir107;04/03/2015;3;30;40;0;30;51.22;1536.6;28;0;6;3;3;4;2;4;27346
Cir107;04/03/2015;4;41;51;0;41;50.15;2056.15;57;2;21;2;9;7;3;4;27480
Cir107;04/03/2015;5;17;23;0;17;64.25;1092.25;37;2;7;1;6;3;2;2;27682
Cir107;04/03/2015;6;20;23;0;20;93.48;1869.6;45;2;7;0;8;3;2;2;27776
Cir107;04/03/2015;7;41;46;0;41;0;0;49;3;16;0;14;9;3;6;27883
Cir107;04/03/2015;8;16;18;0;16;61.95;991.2;25;2;3;0;8;2;2;1;28107
Cir107;04/03/2015;9;31;34;0;31;52.21;1618.51;40;2;12;2;10;4;2;3;28201
Cir107;02/04/2015;1;63;66;0;63;127.29;8019.27;136;2;20;3;23;14;3;6;28365
Cir107;02/04/2015;2;26;29;0;26;146.03;3796.78;47;3;6;0;9;6;3;2;28680
Cir107;02/04/2015;3;28;31;0;28;79.97;2239.16;51;2;7;0;9;5;3;2;28819
Cir107;02/04/2015;4;24;26;0;24;131.34;3152.16;52;0;14;1;4;6;3;3;28971
Cir107;02/04/2015;5;47;56;0;47;211.93;9960.71;72;3;23;4;10;8;2;5;29091
Cir107;02/04/2015;6;15;17;0;15;119.33;1789.95;35;0;3;0;3;3;2;1;29330
Cir107;02/04/2015;7;31;32;0;31;158.05;4899.55;45;4;8;0;9;6;2;2;29395
Cir107;02/04/2015;8;26;31;0;26;166.07;4317.82;41;0;8;2;8;4;2;3;29547
Cir107;02/04/2015;9;21;22;0;21;130.59;2742.39;31;2;6;0;7;4;2;1;29682
Cir107;20/05/2015;1;53;55;0;53;1.89;100.17;87;3;14;4;7;16;4;5;29781
Cir107;20/05/2015;2;43;44;0;43;131.34;5647.62;88;5;12;0;8;10;3;3;30008
Cir107;20/05/2015;3;52;55;0;52;146.1;7597.2;84;4;19;0;4;12;3;4;30184
Cir107;20/05/2015;4;67;68;0;67;119.26;7990.42;105;4;23;0;7;17;4;5;30381
Cir107;20/05/2015;5;34;37;0;34;75.29;2559.86;67;3;9;0;6;9;4;2;30629
Cir107;20/05/2015;6;43;45;0;43;77.82;3346.26;58;3;13;0;7;10;4;4;30763
Cir107;20/05/2015;7;27;27;0;27;52.21;1409.67;54;2;2;1;8;8;3;2;30926
Cir107;20/05/2015;8;47;56;0;47;81.36;3823.92;90;3;17;0;3;13;4;4;31036
Cir107;20/05/2015;9;49;50;0;49;97.99;4801.51;89;5;15;1;9;12;3;4;31219
Ciflorette;04/12/2014;1;7;9;0;7;0;0;1;3;3;1;1;1;1;0;31423
Ciflorette;04/12/2014;2;8;13;0;8;116.11;928.88;0;2;2;2;5;0;1;1;31465
Ciflorette;04/12/2014;3;5;8;0;5;88.12;440.6;0;0;2;2;3;1;1;0;31542
Ciflorette;04/12/2014;4;4;8;0;4;88.33;353.32;0;0;1;2;5;0;0;0;31594
Ciflorette;04/12/2014;5;6;9;0;6;91.12;546.72;0;2;0;2;5;0;0;0;31657
Ciflorette;04/12/2014;6;8;12;0;8;64.25;514;0;2;4;1;4;0;0;0;31731
Ciflorette;04/12/2014;7;8;11;0;8;88.38;707.04;0;1;2;1;6;0;0;0;31796
Ciflorette;04/12/2014;8;5;7;0;5;87.95;439.75;0;0;2;1;4;0;0;0;31876
Ciflorette;04/12/2014;9;10;16;0;10;108.07;1080.7;0;2;2;3;6;0;1;1;31930
Ciflorette;07/01/2015;1;10;10;0;10;58.73;587.3;10;2;0;1;6;1;0;0;32012
Ciflorette;07/01/2015;2;10;10;0;10;58.78;587.8;8;2;0;0;8;1;0;0;32101
Ciflorette;07/01/2015;3;8;8;0;8;58.73;469.84;8;0;0;0;8;1;0;0;32205
Ciflorette;07/01/2015;4;10;13;0;10;59.89;598.9;9;2;2;0;6;1;1;1;32316
Ciflorette;07/01/2015;5;10;13;0;10;41.47;414.7;0;1;4;0;2;1;1;1;32413
Ciflorette;07/01/2015;6;11;14;0;11;72.8;800.8;10;0;2;1;8;2;1;1;32475
Ciflorette;07/01/2015;7;10;10;0;10;57.68;576.8;11;3;0;0;7;1;0;0;32568
Ciflorette;07/01/2015;8;7;7;0;7;72.68;508.76;11;0;0;0;7;1;0;0;32677
Ciflorette;07/01/2015;9;9;9;0;9;63.15;568.35;11;3;0;0;6;1;0;0;32767
Ciflorette;13/02/2015;1;25;33;0;25;79.97;1999.25;38;1;13;1;7;5;2;4;32844
Ciflorette;13/02/2015;2;15;17;0;15;75.16;1127.4;19;1;6;0;8;3;1;1;33000
Ciflorette;13/02/2015;3;13;13;0;13;102.53;1332.89;26;0;1;0;10;3;1;1;33113
Ciflorette;13/02/2015;4;24;33;0;24;60.88;1461.12;37;1;15;0;8;5;2;3;33218
Ciflorette;13/02/2015;5;19;22;0;19;80.35;1526.65;45;2;5;3;7;5;2;2;33377
Ciflorette;13/02/2015;6;13;13;0;13;70.23;912.99;15;1;3;0;6;4;2;1;33511
Ciflorette;13/02/2015;7;20;28;0;20;105.49;2109.8;33;2;6;1;8;4;1;4;33593
Ciflorette;13/02/2015;8;17;19;0;17;76.47;1299.99;32;1;4;2;9;4;1;2;33722
Ciflorette;13/02/2015;9;26;28;0;26;72.67;1889.42;39;1;8;0;10;6;2;3;33860
Ciflorette;02/03/2015;1;24;33;0;24;154.4;3705.6;33;3;12;2;8;4;2;3;34022
Ciflorette;02/03/2015;2;14;17;0;14;130.59;1828.26;21;2;7;0;4;4;3;2;34165
Ciflorette;02/03/2015;3;21;24;0;21;86.94;1825.74;24;2;8;1;9;4;2;2;34253
Ciflorette;02/03/2015;4;19;23;0;19;91.12;1731.28;33;0;8;0;9;3;2;2;34395
Ciflorette;02/03/2015;5;19;24;0;19;103.99;1975.81;25;2;7;0;10;3;2;2;34526
Ciflorette;02/03/2015;6;20;26;0;20;103.82;2076.4;31;0;9;1;6;5;2;2;34667
Ciflorette;02/03/2015;7;21;26;0;21;158.69;3332.49;31;1;11;0;9;4;2;3;34781
Ciflorette;02/03/2015;8;19;21;0;19;108.5;2061.5;34;2;5;0;8;4;2;2;34932
Ciflorette;02/03/2015;9;19;19;0;19;135.74;2579.06;25;2;2;2;7;3;1;2;35057
Ciflorette;30/03/2015;1;22;28;0;22;183.36;4033.92;57;0;12;1;7;6;3;2;35179
Ciflorette;30/03/2015;2;28;35;0;28;67.83;1899.24;35;0;18;0;8;5;2;3;35301
Ciflorette;30/03/2015;3;19;21;0;19;218.96;4160.24;34;2;4;0;10;4;2;1;35447
Ciflorette;30/03/2015;4;26;32;0;26;165.98;4315.48;37;1;11;1;7;5;3;3;35568
Ciflorette;30/03/2015;5;28;29;0;28;149.64;4189.92;51;1;5;3;9;7;2;2;35710
Ciflorette;30/03/2015;6;26;32;0;26;127.37;3311.62;54;0;6;3;11;8;3;4;35855
Ciflorette;30/03/2015;7;26;27;0;26;81.68;2123.68;39;1;7;0;8;5;2;4;36010
Ciflorette;30/03/2015;8;30;39;0;30;105.36;3160.8;32;1;17;1;5;7;2;5;36141
Ciflorette;30/03/2015;9;9;11;0;9;162.25;1460.25;16;0;4;0;5;2;2;0;36292
Ciflorette;27/05/2015;1;72;77;0;72;233.55;16815.6;112;14;13;1;19;20;4;5;36348
Ciflorette;27/05/2015;2;30;40;0;30;109.68;3290.4;50;7;3;0;9;9;5;1;36683
Ciflorette;27/05/2015;3;45;51;0;45;120.94;5442.3;86;9;7;1;5;13;5;2;36827
Ciflorette;27/05/2015;4;16;16;0;16;160;2560;33;1;2;2;4;5;3;1;37001
Ciflorette;27/05/2015;5;36;44;0;36;0;0;68;8;8;0;6;11;4;2;37078
Ciflorette;27/05/2015;6;36;36;0;36;273.23;9836.28;68;6;10;1;6;10;4;2;37226
Ciflorette;27/05/2015;7;42;45;0;42;110;4620;94;6;10;2;10;13;4;3;37378
Ciflorette;27/05/2015;8;29;34;0;29;154.61;4483.69;57;9;1;2;9;9;4;2;37566
Ciflorette;27/05/2015;9;35;39;0;35;128.87;4510.45;62;7;6;0;10;10;4;2;37701
